language,filename,blank,comment,code,"github.com/AlDanial/cloc v 2.06  T=0.43 s (766.2 files/s 125847.7 lines/s)"
Swift,/Users/quangdang/Documents/HiSol/TWS/ToyotaConnectSA/ToyotaConnectSA/Screen/ScrolledMenu/ScrolledMenuViewController.swift,239,445,1535
Swift,/Users/quangdang/Documents/HiSol/TWS/ToyotaConnectSA/ToyotaConnectSA/Screen/ScrolledMenu/ScrolledMenuViewController+PushNotification.swift,113,270,996
Swift,/Users/quangdang/Documents/HiSol/TWS/ToyotaConnectSA/ToyotaConnectSA/Screen/RemoteCheck/RemoteCheckViewController.swift,62,82,983
Swift,/Users/quangdang/Documents/HiSol/TWS/ToyotaConnectSA/ToyotaConnectSA/Screen/GuestDriverMonitorDetail/GuestDriverMonitorDetailViewController.swift,122,239,937
Swift,/Users/quangdang/Documents/HiSol/TWS/ToyotaConnectSA/ToyotaConnectSA/Screen/ScrolledMenu/DrivingDataInfoCell.swift,115,309,936
Swift,/Users/quangdang/Documents/HiSol/TWS/ToyotaConnectSA/ToyotaConnectSA/SmartGBookAppDelegate.swift,149,208,744
Swift,/Users/quangdang/Documents/HiSol/TWS/ToyotaConnectSA/ToyotaConnectSA/Screen/StatisticalDrivingData/StatisticalDrivingDataContentsViewController.swift,56,172,727
Swift,/Users/quangdang/Documents/HiSol/TWS/ToyotaConnectSA/ToyotaConnectSA/Screen/TripHistory/TripHistoryViewController.swift,161,153,686
Swift,/Users/quangdang/Documents/HiSol/TWS/ToyotaConnectSA/ToyotaConnectSA/Screen/Authentication/AuthenticationViewController.swift,71,61,614
Swift,/Users/quangdang/Documents/HiSol/TWS/ToyotaConnectSA/ToyotaConnectSA/Model/PushNotificationEntity.swift,69,40,601
Swift,/Users/quangdang/Documents/HiSol/TWS/ToyotaConnectSA/ToyotaConnectSA/Screen/Charge/ChargeViewController.swift,84,95,571
Swift,/Users/quangdang/Documents/HiSol/TWS/ToyotaConnectSA/ToyotaConnectSA/Screen/RemoteClimate/RemoteClimateAcSettingsView.swift,80,126,555
Swift,/Users/quangdang/Documents/HiSol/TWS/ToyotaConnectSA/ToyotaConnectSA/Screen/Notification/NotificationViewController.swift,47,107,516
Swift,/Users/quangdang/Documents/HiSol/TWS/ToyotaConnectSA/ToyotaConnectSA/Screen/ShortcutMenu/ShortCutMenuViewController.swift,94,195,463
Swift,/Users/quangdang/Documents/HiSol/TWS/ToyotaConnectSA/ToyotaConnectSA/Screen/GuestDriverMonitor/GuestDriverMonitorViewController.swift,70,71,459
Swift,/Users/quangdang/Documents/HiSol/TWS/ToyotaConnectSA/ToyotaConnectSA/Screen/NotificationDetail/NotificationDetailViewController.swift,56,99,456
Swift,/Users/quangdang/Documents/HiSol/TWS/ToyotaConnectSA/ToyotaConnectSA/Screen/TripHistory/HVTableView.swift,71,22,456
Swift,/Users/quangdang/Documents/HiSol/TWS/ToyotaConnectSA/ToyotaConnectSA/Screen/Login/LoginViewController.swift,98,121,454
Swift,/Users/quangdang/Documents/HiSol/TWS/ToyotaConnectSA/ToyotaConnectSA/Screen/IgOnVerification/IgOnVerificationViewController.swift,32,96,428
Swift,/Users/quangdang/Documents/HiSol/TWS/ToyotaConnectSA/ToyotaConnectSA/Screen/IgOffVerification/IgOffVerificationViewController.swift,32,95,424
Swift,/Users/quangdang/Documents/HiSol/TWS/ToyotaConnectSA/ToyotaConnectSA/Utility/LauncherUtility.swift,107,92,421
Swift,/Users/quangdang/Documents/HiSol/TWS/ToyotaConnectSA/ToyotaConnectSA/Screen/CarFinder/CarFinderViewController.swift,70,144,418
Swift,/Users/quangdang/Documents/HiSol/TWS/ToyotaConnectSA/ToyotaConnectSA/Screen/PushNotification/PushNotificationViewController.swift,61,83,418
Swift,/Users/quangdang/Documents/HiSol/TWS/ToyotaConnectSA/ToyotaConnectSA/CommonDialog.swift,61,80,410
Swift,/Users/quangdang/Documents/HiSol/TWS/ToyotaConnectSA/ToyotaConnectSA/Screen/StolenVehicleTracking/StolenVehicleTrackingViewController.swift,65,55,403
Swift,/Users/quangdang/Documents/HiSol/TWS/ToyotaConnectSA/ToyotaConnectSA/Screen/LicenseDetailInformation/LicenseDetailInformationViewController.swift,81,68,401
Swift,/Users/quangdang/Documents/HiSol/TWS/ToyotaConnectSA/ToyotaConnectSA/Screen/GuestDriverMonitorGeoFencing/GuestDriverMonitorGeoFencingViewController.swift,41,88,372
Swift,/Users/quangdang/Documents/HiSol/TWS/ToyotaConnectSA/ToyotaConnectSA/Screen/GuestDriverMonitor/GuestDriverMonitorSettingTableViewCells.swift,63,47,369
Swift,/Users/quangdang/Documents/HiSol/TWS/ToyotaConnectSA/ToyotaConnectSA/Screen/GuestDriverMonitorTimerSetting/GuestDriverMonitorTimerSettingViewController.swift,32,44,354
Swift,/Users/quangdang/Documents/HiSol/TWS/ToyotaConnectSA/ToyotaConnectSA/Screen/Setting/SettingViewController.swift,53,79,342
Swift,/Users/quangdang/Documents/HiSol/TWS/ToyotaConnectSA/ToyotaConnectSA/Screen/IgOnOffVerificationStart/IgOnOffVerificationStartViewController.swift,23,58,331
Swift,/Users/quangdang/Documents/HiSol/TWS/ToyotaConnectSA/ToyotaConnectSA/Utility/UIAsyncImageRepository.swift,40,36,319
Swift,/Users/quangdang/Documents/HiSol/TWS/ToyotaConnectSA/ToyotaConnectSA/Model/Entity/ChargingInfoEntity.swift,42,41,313
Swift,/Users/quangdang/Documents/HiSol/TWS/ToyotaConnectSA/ToyotaConnectSA/Screen/Charge/ChargeTimerDetail/ChargeTimerDetailViewController.swift,49,83,305
Swift,/Users/quangdang/Documents/HiSol/TWS/ToyotaConnectSA/ToyotaConnectSA/Screen/Charge/ChargeDetail/ChargeDetailViewController.swift,43,56,300
Swift,/Users/quangdang/Documents/HiSol/TWS/ToyotaConnectSA/ToyotaConnectSA/Model/Entity/DrivingHistoryEntity.swift,26,5,296
Swift,/Users/quangdang/Documents/HiSol/TWS/ToyotaConnectSA/ToyotaConnectSA/Model/Entity/GuestDriverMonitorDataEntity.swift,39,7,290
Swift,/Users/quangdang/Documents/HiSol/TWS/ToyotaConnectSA/ToyotaConnectSA/Screen/PinSetting/PinSettingViewController.swift,41,63,289
Swift,/Users/quangdang/Documents/HiSol/TWS/ToyotaConnectSA/ToyotaConnectSA/Screen/RemoteCheck/RemoteCheckTableViewWireframeCell.swift,27,23,284
Swift,/Users/quangdang/Documents/HiSol/TWS/ToyotaConnectSA/ToyotaConnectSA/Utility/LocalAppUtility.swift,56,71,283
Swift,/Users/quangdang/Documents/HiSol/TWS/ToyotaConnectSA/ToyotaConnectSA/Screen/RemoteClimate/RemoteClimateTimerDetail/RemoteClimateTimerDetailViewController.swift,60,37,281
Swift,/Users/quangdang/Documents/HiSol/TWS/ToyotaConnectSA/ToyotaConnectSA/Screen/Charge/ChargeSetting/ChargeSettingViewController.swift,54,45,272
Swift,/Users/quangdang/Documents/HiSol/TWS/ToyotaConnectSA/ToyotaConnectSA/Screen/WarningNotice/WarningNoticeViewController.swift,45,58,267
Swift,/Users/quangdang/Documents/HiSol/TWS/ToyotaConnectSA/ToyotaConnectSA/Screen/RemoteCheck/RemoteCheckTableViewCell.swift,18,22,262
Swift,/Users/quangdang/Documents/HiSol/TWS/ToyotaConnectSA/ToyotaConnectSA/Authentication/Auth0LoginManager.swift,55,39,258
Swift,/Users/quangdang/Documents/HiSol/TWS/ToyotaConnectSA/ToyotaConnectSA/Screen/ChargingHistory/ChargingHistoryGraph/ChargingHistoryGraphViewController.swift,36,130,253
Swift,/Users/quangdang/Documents/HiSol/TWS/ToyotaConnectSA/ToyotaConnectSA/Screen/GuestDriverMonitorDetail/GuestDriverMonitorEditModalViewController.swift,23,50,253
Swift,/Users/quangdang/Documents/HiSol/TWS/ToyotaConnectSA/ToyotaConnectSA/Screen/Charge/ChargeDetail/BaseBatteryView.swift,32,11,251
Swift,/Users/quangdang/Documents/HiSol/TWS/ToyotaConnectSA/ToyotaConnectSA/Model/ChargeSetting.swift,24,12,243
Swift,/Users/quangdang/Documents/HiSol/TWS/ToyotaConnectSA/ToyotaConnectSA/Screen/RemoteClimate/RemoteClimateTimerEdit/RemoteClimateTimerEditViewController.swift,49,38,230
Swift,/Users/quangdang/Documents/HiSol/TWS/ToyotaConnectSA/ToyotaConnectSA/UserDefaultsData.swift,31,29,225
Swift,/Users/quangdang/Documents/HiSol/TWS/ToyotaConnectSA/ToyotaConnectSA/Screen/NotificationDetail/EmergencyNoticeView.swift,23,54,221
Swift,/Users/quangdang/Documents/HiSol/TWS/ToyotaConnectSA/ToyotaConnectSA/Screen/Charge/ChargeTimerEdit/ChargeTimerEditViewController.swift,32,47,213
Swift,/Users/quangdang/Documents/HiSol/TWS/ToyotaConnectSA/ToyotaConnectSA/Screen/StatisticalDrivingData/StatisticalDrivingDataViewController.swift,26,37,213
Swift,/Users/quangdang/Documents/HiSol/TWS/ToyotaConnectSA/ToyotaConnectSA/Screen/Information/InformationViewController.swift,49,35,207
Swift,/Users/quangdang/Documents/HiSol/TWS/ToyotaConnectSA/ToyotaConnectSA/Model/TemporaryRegistrationAcReservationInfo.swift,19,28,206
Swift,/Users/quangdang/Documents/HiSol/TWS/ToyotaConnectSA/ToyotaConnectSA/Screen/ChangePin/ChangePinViewController.swift,34,32,201
Swift,/Users/quangdang/Documents/HiSol/TWS/ToyotaConnectSA/ToyotaConnectSA/Model/Entity/RemoteClimateSettingsEntity.swift,26,6,195
Swift,/Users/quangdang/Documents/HiSol/TWS/ToyotaConnectSA/ToyotaConnectSA/Screen/ChargingHistory/ChargingHistoryViewController.swift,31,60,193
Swift,/Users/quangdang/Documents/HiSol/TWS/ToyotaConnectSA/ToyotaConnectSA/Screen/StationSearch/StationSearchViewController.swift,48,56,191
Swift,/Users/quangdang/Documents/HiSol/TWS/ToyotaConnectSA/ToyotaConnectSA/Model/Entity/MemberAuthEntity/MemberAuthEntity.swift,27,1,187
Swift,/Users/quangdang/Documents/HiSol/TWS/ToyotaConnectSA/ToyotaConnectSA/Screen/TermsAndConditions/TermsAndConditionsViewController.swift,30,32,185
Swift,/Users/quangdang/Documents/HiSol/TWS/ToyotaConnectSA/ToyotaConnectSA/Screen/SelectVehicle/SelectVehicleViewController.swift,38,50,179
Swift,/Users/quangdang/Documents/HiSol/TWS/ToyotaConnectSA/ToyotaConnectSA/Screen/EnterPassword/EnterPasswordViewController.swift,42,31,175
Swift,/Users/quangdang/Documents/HiSol/TWS/ToyotaConnectSA/ToyotaConnectSA/Screen/ServiceManagement/ServiceManagementViewController.swift,32,20,172
Swift,/Users/quangdang/Documents/HiSol/TWS/ToyotaConnectSA/ToyotaConnectSA/Screen/MaintenanceMode/MaintenanceModeViewController.swift,34,39,171
Swift,/Users/quangdang/Documents/HiSol/TWS/ToyotaConnectSA/ToyotaConnectSA/Screen/AuthoritySetting/AuthoritySettingViewController.swift,41,22,168
Swift,/Users/quangdang/Documents/HiSol/TWS/ToyotaConnectSA/ToyotaConnectSA/Screen/GuestDriverMonitor/ModalPickerViewController.swift,23,29,167
Swift,/Users/quangdang/Documents/HiSol/TWS/ToyotaConnectSA/ToyotaConnectSA/Screen/IgOnOffVerificationComplete/IgOnOffVerificationCompleteViewController.swift,30,49,166
Swift,/Users/quangdang/Documents/HiSol/TWS/ToyotaConnectSA/ToyotaConnectSA/Screen/ServiceSettingComplete/ServiceSettingCompleteViewController.swift,36,38,163
Swift,/Users/quangdang/Documents/HiSol/TWS/ToyotaConnectSA/ToyotaConnectSA/Screen/NotificationDetail/ModalViewController.swift,13,32,160
Swift,/Users/quangdang/Documents/HiSol/TWS/ToyotaConnectSA/ToyotaConnectSA/Model/Entity/GetApplicationInformation/RemoteConfilmInfo/APPInfoOperationOblivionDataEntity.swift,35,53,159
Swift,/Users/quangdang/Documents/HiSol/TWS/ToyotaConnectSA/ToyotaConnectSA/Screen/GuestDriverMonitor/DrivingTimeModalPickerViewController.swift,18,21,152
Swift,/Users/quangdang/Documents/HiSol/TWS/ToyotaConnectSA/ToyotaConnectSA/Screen/WarningHistory/WarningHistoryViewController.swift,32,30,151
Swift,/Users/quangdang/Documents/HiSol/TWS/ToyotaConnectSA/ToyotaConnectSA/Screen/Charge/ChargeTimerEdit/TimePickerViewController.swift,22,33,148
Swift,/Users/quangdang/Documents/HiSol/TWS/ToyotaConnectSA/ToyotaConnectSA/Screen/CarFinder/CarFinderSemiModalViewController.swift,23,48,147
Swift,/Users/quangdang/Documents/HiSol/TWS/ToyotaConnectSA/ToyotaConnectSA/Screen/ScrolledMenu/AcSemiModalViewController.swift,27,51,147
Swift,/Users/quangdang/Documents/HiSol/TWS/ToyotaConnectSA/ToyotaConnectSA/HTTP/JSONDataAdapter.swift,25,22,146
Swift,/Users/quangdang/Documents/HiSol/TWS/ToyotaConnectSA/ToyotaConnectSA/Screen/RemoteCheck/RemoteCheckModalViewController.swift,15,18,143
Swift,/Users/quangdang/Documents/HiSol/TWS/ToyotaConnectSA/ToyotaConnectSA/Authentication/CommonAuthenticationController.swift,34,42,138
Swift,/Users/quangdang/Documents/HiSol/TWS/ToyotaConnectSA/ToyotaConnectSA/Model/Entity/GetApplicationInformation/RmtSettableItem/APPInfoRmtSettableItemEntity.swift,17,41,138
Swift,/Users/quangdang/Documents/HiSol/TWS/ToyotaConnectSA/ToyotaConnectSA/Screen/RemoteClimate/RemoteClimateViewController.swift,26,14,138
Swift,/Users/quangdang/Documents/HiSol/TWS/ToyotaConnectSA/ToyotaConnectSA/Screen/RemoteClimate/RemoteClimateTimerAuthModalViewController.swift,28,20,137
Swift,/Users/quangdang/Documents/HiSol/TWS/ToyotaConnectSA/ToyotaConnectSA/Screen/EnterPin/EnterPinViewController.swift,19,19,135
Swift,/Users/quangdang/Documents/HiSol/TWS/ToyotaConnectSA/ToyotaConnectSA/Location/LocationManager.swift,20,37,133
Swift,/Users/quangdang/Documents/HiSol/TWS/ToyotaConnectSA/ToyotaConnectSA/Screen/ScrolledMenu/CarInfoCell.swift,25,77,133
Swift,/Users/quangdang/Documents/HiSol/TWS/ToyotaConnectSA/ToyotaConnectSA/HTTP/API/remote/RemoteRequestManager.swift,11,22,128
Swift,/Users/quangdang/Documents/HiSol/TWS/ToyotaConnectSA/ToyotaConnectSA/Screen/LicenseList/LicenseListViewController.swift,35,60,127
Swift,/Users/quangdang/Documents/HiSol/TWS/ToyotaConnectSA/ToyotaConnectSA/Utility/SecureStorageRepository.swift,22,47,127
Swift,/Users/quangdang/Documents/HiSol/TWS/ToyotaConnectSA/ToyotaConnectSA/Screen/Charge/ChargeSetting/ChargeSettingPickerViewController.swift,22,29,123
Swift,/Users/quangdang/Documents/HiSol/TWS/ToyotaConnectSA/ToyotaConnectSA/Screen/SelectCountry/SelectCountryViewController.swift,32,57,123
Swift,/Users/quangdang/Documents/HiSol/TWS/ToyotaConnectSA/ToyotaConnectSA/HTTP/API/gdm/RegistActivateGuestDriverMonitorProfileManager.swift,11,16,120
Swift,/Users/quangdang/Documents/HiSol/TWS/ToyotaConnectSA/ToyotaConnectSA/Screen/ChargingHistory/ChargingHistoryTable/ChargingHistoryTableViewController.swift,30,66,120
Swift,/Users/quangdang/Documents/HiSol/TWS/ToyotaConnectSA/ToyotaConnectSA/Screen/RemoteClimate/RemoteClimateTimerEdit/RemoteClimateTimePickerViewController.swift,22,32,118
Swift,/Users/quangdang/Documents/HiSol/TWS/ToyotaConnectSA/ToyotaConnectSA/Model/Entity/ChargingStationEntity.swift,23,7,117
Swift,/Users/quangdang/Documents/HiSol/TWS/ToyotaConnectSA/ToyotaConnectSA/Screen/Web/WebViewController.swift,28,20,116
Swift,/Users/quangdang/Documents/HiSol/TWS/ToyotaConnectSA/ToyotaConnectSA/Authentication/RenewTokenController.swift,21,20,113
Swift,/Users/quangdang/Documents/HiSol/TWS/ToyotaConnectSA/ToyotaConnectSA/Screen/GuestDriverMonitorTimerSetting/GuestDriverMonitorDatePickerView.swift,23,19,111
Swift,/Users/quangdang/Documents/HiSol/TWS/ToyotaConnectSA/ToyotaConnectSA/HTTP/APIManager.swift,20,31,110
Swift,/Users/quangdang/Documents/HiSol/TWS/ToyotaConnectSA/ToyotaConnectSA/Model/ServiceKeyInfo.swift,16,17,108
Swift,/Users/quangdang/Documents/HiSol/TWS/ToyotaConnectSA/ToyotaConnectSA/Screen/Charge/ChargeDetail/ChargeLidSemiModalViewController.swift,23,36,108
Swift,/Users/quangdang/Documents/HiSol/TWS/ToyotaConnectSA/ToyotaConnectSA/Screen/YourProfile/YourProfileViewController.swift,17,8,107
Swift,/Users/quangdang/Documents/HiSol/TWS/ToyotaConnectSA/ToyotaConnectSA/Utility/GlobalSetting.swift,33,2,107
Swift,/Users/quangdang/Documents/HiSol/TWS/ToyotaConnectSA/ToyotaConnectSA/Screen/TermsAndConditionsCheck/TermsAndConditionsCheckViewController.swift,15,12,102
Swift,/Users/quangdang/Documents/HiSol/TWS/ToyotaConnectSA/ToyotaConnectSA/HTTP/API/service/MemberAuthManager.swift,20,27,99
Swift,/Users/quangdang/Documents/HiSol/TWS/ToyotaConnectSA/ToyotaConnectSA/Model/Entity/SharerAuthInfoEntity.swift,13,22,97
Swift,/Users/quangdang/Documents/HiSol/TWS/ToyotaConnectSA/ToyotaConnectSA/Screen/ScrolledMenu/BatteryIconView.swift,23,34,97
Swift,/Users/quangdang/Documents/HiSol/TWS/ToyotaConnectSA/ToyotaConnectSA/UIParts/MapView.swift,18,15,97
Swift,/Users/quangdang/Documents/HiSol/TWS/ToyotaConnectSA/ToyotaConnectSA/Utility/TabBarController.swift,18,18,97
Swift,/Users/quangdang/Documents/HiSol/TWS/ToyotaConnectSA/ToyotaConnectSA/Screen/RemoteClimate/RemoteClimateTimerRepeat/RemoteClimateTimerRepeatViewController.swift,19,4,95
Swift,/Users/quangdang/Documents/HiSol/TWS/ToyotaConnectSA/ToyotaConnectSA/Model/Entity/GetDetailNotificationEntity.swift,13,11,89
Swift,/Users/quangdang/Documents/HiSol/TWS/ToyotaConnectSA/ToyotaConnectSA/Screen/NotificationDetail/StolenAndImmobilizerNoticeView.swift,11,17,89
Swift,/Users/quangdang/Documents/HiSol/TWS/ToyotaConnectSA/ToyotaConnectSA/Screen/GuestDriverMonitor/SpeedLimitModalViewController.swift,13,10,88
Swift,/Users/quangdang/Documents/HiSol/TWS/ToyotaConnectSA/ToyotaConnectSA/Screen/Charge/ChargeTimerRepeat/ChargeTimerRepeatViewController.swift,17,29,87
Swift,/Users/quangdang/Documents/HiSol/TWS/ToyotaConnectSA/ToyotaConnectSA/Config.swift,20,15,86
Swift,/Users/quangdang/Documents/HiSol/TWS/ToyotaConnectSA/ToyotaConnectSA/Screen/RemotePowerSupply/RemotePowerSupplyViewController.swift,16,13,86
Swift,/Users/quangdang/Documents/HiSol/TWS/ToyotaConnectSA/ToyotaConnectSA/Model/ChargingInfo.swift,9,5,84
Swift,/Users/quangdang/Documents/HiSol/TWS/ToyotaConnectSA/ToyotaConnectSA/Model/Entity/GetApplicationInformation/SharerAuthority/APPInfoSharerAuthorityEntity.swift,12,0,83
Swift,/Users/quangdang/Documents/HiSol/TWS/ToyotaConnectSA/ToyotaConnectSA/Screen/ScrolledMenu/PushConnector/ScrolledMenuStolenConnector.swift,13,46,82
Swift,/Users/quangdang/Documents/HiSol/TWS/ToyotaConnectSA/ToyotaConnectSA/Utility/AesEncryptionUtility.swift,22,56,82
Swift,/Users/quangdang/Documents/HiSol/TWS/ToyotaConnectSA/ToyotaConnectSA/UIParts/SpinnerView.swift,19,0,81
Swift,/Users/quangdang/Documents/HiSol/TWS/ToyotaConnectSA/ToyotaConnectSA/Model/DeeplinkEntity.swift,15,25,79
Swift,/Users/quangdang/Documents/HiSol/TWS/ToyotaConnectSA/ToyotaConnectSA/Screen/RemoteClimate/RemoteClimateSetting/RemoteClimateSettingViewController.swift,17,15,78
Swift,/Users/quangdang/Documents/HiSol/TWS/ToyotaConnectSA/ToyotaConnectSA/Utility/EncryptionUtility.swift,11,7,78
Swift,/Users/quangdang/Documents/HiSol/TWS/ToyotaConnectSA/ToyotaConnectSA/HTTP/API/app/GetApplicationInformationManager.swift,13,29,77
Swift,/Users/quangdang/Documents/HiSol/TWS/ToyotaConnectSA/ToyotaConnectSA/HTTP/API/gdm/ActivateGuestDriverMonitorSettingManager.swift,12,15,77
Swift,/Users/quangdang/Documents/HiSol/TWS/ToyotaConnectSA/ToyotaConnectSA/Model/Entity/CarImageEntity.swift,11,1,77
Swift,/Users/quangdang/Documents/HiSol/TWS/ToyotaConnectSA/ToyotaConnectSA/Model/Entity/SettableItemEntity.swift,7,1,76
Swift,/Users/quangdang/Documents/HiSol/TWS/ToyotaConnectSA/ToyotaConnectSA/Screen/ScrolledMenu/PushConnector/ScrolledMenuStolenVehicleTrackingConnector.swift,14,40,75
Swift,/Users/quangdang/Documents/HiSol/TWS/ToyotaConnectSA/ToyotaConnectSA/HTTP/API/econnect/UpdateTimerSettingManager.swift,12,19,73
Swift,/Users/quangdang/Documents/HiSol/TWS/ToyotaConnectSA/ToyotaConnectSA/HTTP/API/gdm/SetGuestDriverMonitorExpirationDateManager.swift,12,15,72
Swift,/Users/quangdang/Documents/HiSol/TWS/ToyotaConnectSA/ToyotaConnectSA/Screen/Links/LinksViewController.swift,21,17,72
Swift,/Users/quangdang/Documents/HiSol/TWS/ToyotaConnectSA/ToyotaConnectSA/UIParts/ProgressView.swift,11,14,72
Swift,/Users/quangdang/Documents/HiSol/TWS/ToyotaConnectSA/ToyotaConnectSA/HTTP/API/gdm/GetLatestGuestDriverMonitorStatusManager.swift,11,13,70
Swift,/Users/quangdang/Documents/HiSol/TWS/ToyotaConnectSA/ToyotaConnectSA/Screen/TripHistory/DrivingHistoryCellTableViewCell.swift,9,10,70
Swift,/Users/quangdang/Documents/HiSol/TWS/ToyotaConnectSA/ToyotaConnectSA/Model/Entity/DrivingDataEntity.swift,12,1,69
Swift,/Users/quangdang/Documents/HiSol/TWS/ToyotaConnectSA/ToyotaConnectSA/Model/Entity/GetApplicationInformation/GetApplicationInformationEntity.swift,17,14,69
Swift,/Users/quangdang/Documents/HiSol/TWS/ToyotaConnectSA/ToyotaConnectSA/Screen/StolenVehicleTrackingRequest/StolenVehicleTrackingRequestViewController.swift,15,5,69
Swift,/Users/quangdang/Documents/HiSol/TWS/ToyotaConnectSA/ToyotaConnectSA/Authentication/BioMetricsManager.swift,10,20,68
Swift,/Users/quangdang/Documents/HiSol/TWS/ToyotaConnectSA/ToyotaConnectSA/HTTP/API/vehicleauth/UpdateVehicleAuthManager.swift,13,18,67
Swift,/Users/quangdang/Documents/HiSol/TWS/ToyotaConnectSA/ToyotaConnectSA/HTTP/API/econnect/UpdateChargingStatusManager.swift,13,15,65
Swift,/Users/quangdang/Documents/HiSol/TWS/ToyotaConnectSA/ToyotaConnectSA/HTTP/API/service/UpdateSharerAuthInfoManager.swift,13,17,65
Swift,/Users/quangdang/Documents/HiSol/TWS/ToyotaConnectSA/ToyotaConnectSA/Model/Entity/GetNoticeSettingsEntity.swift,13,2,64
Swift,/Users/quangdang/Documents/HiSol/TWS/ToyotaConnectSA/ToyotaConnectSA/UIParts/PrivateWebView.swift,18,8,64
Swift,/Users/quangdang/Documents/HiSol/TWS/ToyotaConnectSA/ToyotaConnectSA/Extension/UIViewController.swift,9,8,63
Swift,/Users/quangdang/Documents/HiSol/TWS/ToyotaConnectSA/ToyotaConnectSA/Screen/ShortcutMenu/OwnerEntity.swift,8,0,63
Swift,/Users/quangdang/Documents/HiSol/TWS/ToyotaConnectSA/ToyotaConnectSA/Extension/NSDictionary.swift,7,6,62
Swift,/Users/quangdang/Documents/HiSol/TWS/ToyotaConnectSA/ToyotaConnectSA/HTTP/API/econnect/UpdateChargingSettingManager.swift,10,17,61
Swift,/Users/quangdang/Documents/HiSol/TWS/ToyotaConnectSA/ToyotaConnectSA/HTTP/API/remote/AddAcReservationManager.swift,13,14,61
Swift,/Users/quangdang/Documents/HiSol/TWS/ToyotaConnectSA/ToyotaConnectSA/HTTP/API/service/UpdateNoticeSettingsManager.swift,12,16,61
Swift,/Users/quangdang/Documents/HiSol/TWS/ToyotaConnectSA/ToyotaConnectSA/HTTP/API/gdm/GetDrivingHistoryManager.swift,11,15,60
Swift,/Users/quangdang/Documents/HiSol/TWS/ToyotaConnectSA/ToyotaConnectSA/Model/LicenseInfoDetail.swift,10,20,60
Swift,/Users/quangdang/Documents/HiSol/TWS/ToyotaConnectSA/ToyotaConnectSA/Screen/Charge/ChargeTimerEdit/ChargeTimerEditViewTimeCell.swift,12,22,60
Swift,/Users/quangdang/Documents/HiSol/TWS/ToyotaConnectSA/ToyotaConnectSA/Screen/NotificationDetail/AlarmUserResponsePollingConnector.swift,8,7,60
Swift,/Users/quangdang/Documents/HiSol/TWS/ToyotaConnectSA/ToyotaConnectSA/Utility/KeyChainHelper.swift,12,5,60
Swift,/Users/quangdang/Documents/HiSol/TWS/ToyotaConnectSA/ToyotaConnectSA/HTTP/API/econnect/UpdateTimerStatusManager.swift,11,16,59
Swift,/Users/quangdang/Documents/HiSol/TWS/ToyotaConnectSA/ToyotaConnectSA/HTTP/API/gdm/DeleteDrivingHistoryManager.swift,11,15,59
Swift,/Users/quangdang/Documents/HiSol/TWS/ToyotaConnectSA/ToyotaConnectSA/HTTP/API/gdm/GetDrivingDataManager.swift,11,14,59
Swift,/Users/quangdang/Documents/HiSol/TWS/ToyotaConnectSA/ToyotaConnectSA/HTTP/API/gdm/GetTripDataManager.swift,11,15,59
Swift,/Users/quangdang/Documents/HiSol/TWS/ToyotaConnectSA/ToyotaConnectSA/HTTP/API/service/AgreeTermsConditionsManager.swift,12,13,59
Swift,/Users/quangdang/Documents/HiSol/TWS/ToyotaConnectSA/ToyotaConnectSA/Screen/Charge/ChargeDetail/ChargingBatteryView.swift,10,13,59
Swift,/Users/quangdang/Documents/HiSol/TWS/ToyotaConnectSA/ToyotaConnectSA/HTTP/API/gdm/GetGuestDriverMonitorStatusManager.swift,11,15,58
Swift,/Users/quangdang/Documents/HiSol/TWS/ToyotaConnectSA/ToyotaConnectSA/HTTP/API/service/GetCarImageManager.swift,11,15,58
Swift,/Users/quangdang/Documents/HiSol/TWS/ToyotaConnectSA/ToyotaConnectSA/Model/Entity/GetApplicationInformation/RemoteConfilmInfo/APPInfoRemoteConfirmDataEntity.swift,21,17,57
Swift,/Users/quangdang/Documents/HiSol/TWS/ToyotaConnectSA/ToyotaConnectSA/Extension/UIAlertController.swift,8,7,56
Swift,/Users/quangdang/Documents/HiSol/TWS/ToyotaConnectSA/ToyotaConnectSA/HTTP/API/service/GetNoticeSettingsManager.swift,13,18,55
Swift,/Users/quangdang/Documents/HiSol/TWS/ToyotaConnectSA/ToyotaConnectSA/HTTP/API/service/UpdateVehicleInfoManager.swift,13,21,55
Swift,/Users/quangdang/Documents/HiSol/TWS/ToyotaConnectSA/ToyotaConnectSA/Screen/GuestDriverMonitorGeoFencing/GeofencingSlider.swift,9,9,55
Swift,/Users/quangdang/Documents/HiSol/TWS/ToyotaConnectSA/ToyotaConnectSA/Screen/RemoteClimate/RemoteClimateSetting/RemoteClimateSlider.swift,8,12,55
Swift,/Users/quangdang/Documents/HiSol/TWS/ToyotaConnectSA/ToyotaConnectSA/Screen/ScrolledMenu/DrivingDataInfoBackgroundView.swift,8,10,55
Swift,/Users/quangdang/Documents/HiSol/TWS/ToyotaConnectSA/ToyotaConnectSA/HTTP/API/econnect/DeleteTimerSettingManager.swift,10,15,54
Swift,/Users/quangdang/Documents/HiSol/TWS/ToyotaConnectSA/ToyotaConnectSA/Model/LocalUrlId.swift,6,4,54
Swift,/Users/quangdang/Documents/HiSol/TWS/ToyotaConnectSA/ToyotaConnectSA/HTTP/API/alarmnotification/AlarmUserResponseManager.swift,13,16,53
Swift,/Users/quangdang/Documents/HiSol/TWS/ToyotaConnectSA/ToyotaConnectSA/HTTP/API/maintenance/UpdateVehicleMaintenanceModeManager.swift,11,14,53
Swift,/Users/quangdang/Documents/HiSol/TWS/ToyotaConnectSA/ToyotaConnectSA/HTTP/API/remote/RegistRemoteAirConditiiningSettingsManager.swift,12,16,53
Swift,/Users/quangdang/Documents/HiSol/TWS/ToyotaConnectSA/ToyotaConnectSA/HTTP/API/service/GetSharerInfoManager.swift,11,13,53
Swift,/Users/quangdang/Documents/HiSol/TWS/ToyotaConnectSA/ToyotaConnectSA/HTTP/API/econnect/GetLastestChargingInfoManager.swift,11,12,52
Swift,/Users/quangdang/Documents/HiSol/TWS/ToyotaConnectSA/ToyotaConnectSA/HTTP/API/emergencycall/EmergencyUserResponseManager.swift,12,15,52
Swift,/Users/quangdang/Documents/HiSol/TWS/ToyotaConnectSA/ToyotaConnectSA/HTTP/API/notification/GetDetailNotificationManager.swift,11,13,52
Swift,/Users/quangdang/Documents/HiSol/TWS/ToyotaConnectSA/ToyotaConnectSA/HTTP/API/notification/GetNotificationsManager.swift,10,12,52
Swift,/Users/quangdang/Documents/HiSol/TWS/ToyotaConnectSA/ToyotaConnectSA/Model/Entity/MemberAuthEntity/LicenseInfoEntity.swift,13,11,52
Swift,/Users/quangdang/Documents/HiSol/TWS/ToyotaConnectSA/ToyotaConnectSA/HTTP/API/econnect/GetChargingStationManager.swift,10,15,50
Swift,/Users/quangdang/Documents/HiSol/TWS/ToyotaConnectSA/ToyotaConnectSA/Screen/Notification/NotificationTableViewCell.swift,5,13,49
Swift,/Users/quangdang/Documents/HiSol/TWS/ToyotaConnectSA/ToyotaConnectSA/HTTP/API/service/GetAuthorityInformationManager.swift,10,15,48
Swift,/Users/quangdang/Documents/HiSol/TWS/ToyotaConnectSA/ToyotaConnectSA/Model/Entity/ChargingHistoryEntity.swift,8,1,48
Swift,/Users/quangdang/Documents/HiSol/TWS/ToyotaConnectSA/ToyotaConnectSA/HTTP/API/econnect/GetChargingHistoryManager.swift,10,14,47
Swift,/Users/quangdang/Documents/HiSol/TWS/ToyotaConnectSA/ToyotaConnectSA/HTTP/API/notification/UpdateReadStatusManager.swift,11,14,47
Swift,/Users/quangdang/Documents/HiSol/TWS/ToyotaConnectSA/ToyotaConnectSA/HTTP/API/remote/DeleteAcReservationManager.swift,10,14,47
Swift,/Users/quangdang/Documents/HiSol/TWS/ToyotaConnectSA/ToyotaConnectSA/HTTP/API/remote/GetRemoteCheckInformationManager.swift,11,13,47
Swift,/Users/quangdang/Documents/HiSol/TWS/ToyotaConnectSA/ToyotaConnectSA/HTTP/API/remote/UpdateAcReservationManager.swift,11,15,47
Swift,/Users/quangdang/Documents/HiSol/TWS/ToyotaConnectSA/ToyotaConnectSA/HTTP/API/service/GetServiceListManager.swift,12,13,47
Swift,/Users/quangdang/Documents/HiSol/TWS/ToyotaConnectSA/ToyotaConnectSA/HTTP/API/service/RemoteControlAuthenticationCodeManager.swift,12,14,47
Swift,/Users/quangdang/Documents/HiSol/TWS/ToyotaConnectSA/ToyotaConnectSA/HTTP/API/service/UpdateTImezoneManager.swift,11,14,47
Swift,/Users/quangdang/Documents/HiSol/TWS/ToyotaConnectSA/ToyotaConnectSA/HTTP/API/warning/GetWarningActiveManager.swift,11,13,47
Swift,/Users/quangdang/Documents/HiSol/TWS/ToyotaConnectSA/ToyotaConnectSA/HTTP/API/warning/GetWarningHistoryManager.swift,11,13,47
Swift,/Users/quangdang/Documents/HiSol/TWS/ToyotaConnectSA/ToyotaConnectSA/HTTP/API/econnect/GetChargingInfoManager.swift,11,14,46
Swift,/Users/quangdang/Documents/HiSol/TWS/ToyotaConnectSA/ToyotaConnectSA/HTTP/API/notification/DeleteNotificationManager.swift,11,13,46
Swift,/Users/quangdang/Documents/HiSol/TWS/ToyotaConnectSA/ToyotaConnectSA/HTTP/API/remote/GetRemoteClimateSettingsManager.swift,11,13,46
Swift,/Users/quangdang/Documents/HiSol/TWS/ToyotaConnectSA/ToyotaConnectSA/HTTP/API/remote/SetPreWakeUpControlConfManager.swift,10,13,46
Swift,/Users/quangdang/Documents/HiSol/TWS/ToyotaConnectSA/ToyotaConnectSA/HTTP/API/service/GlobalAppServiceSetupCompletedManager.swift,10,12,46
Swift,/Users/quangdang/Documents/HiSol/TWS/ToyotaConnectSA/ToyotaConnectSA/HTTP/API/svt/JudgeStolenVehicleTrackingStatusManager.swift,11,13,46
Swift,/Users/quangdang/Documents/HiSol/TWS/ToyotaConnectSA/ToyotaConnectSA/HTTP/API/svt/StopStolenVehicleTrackingManager.swift,11,12,46
Swift,/Users/quangdang/Documents/HiSol/TWS/ToyotaConnectSA/ToyotaConnectSA/Screen/StolenVehicleTrackingRequest/CallConfirmSemiModalViewController.swift,13,0,43
Swift,/Users/quangdang/Documents/HiSol/TWS/ToyotaConnectSA/ToyotaConnectSA/Utility/UIAsyncImageView.swift,10,4,43
Swift,/Users/quangdang/Documents/HiSol/TWS/ToyotaConnectSA/ToyotaConnectSA/Screen/StolenVehicleTracking/StopTrackingConfirmSemiModalViewController.swift,12,0,42
Swift,/Users/quangdang/Documents/HiSol/TWS/ToyotaConnectSA/ToyotaConnectSA/Model/Entity/GetNotificationsEntity.swift,9,2,41
Swift,/Users/quangdang/Documents/HiSol/TWS/ToyotaConnectSA/NotificationService/NotificationService.swift,7,12,39
Swift,/Users/quangdang/Documents/HiSol/TWS/ToyotaConnectSA/ToyotaConnectSA/Model/Entity/StolenVehicleTrackingStatusEntity.swift,7,2,38
Swift,/Users/quangdang/Documents/HiSol/TWS/ToyotaConnectSA/ToyotaConnectSA/Model/IosServiceKeyInfo.swift,6,0,38
Swift,/Users/quangdang/Documents/HiSol/TWS/ToyotaConnectSA/ToyotaConnectSA/Screen/Authentication/StepButtonView.swift,10,4,37
Swift,/Users/quangdang/Documents/HiSol/TWS/ToyotaConnectSA/ToyotaConnectSA/Resources/LConnectASEAN/Code/DestinationParticularMethods.swift,12,0,36
Swift,/Users/quangdang/Documents/HiSol/TWS/ToyotaConnectSA/ToyotaConnectSA/Resources/LConnectKO/Code/DestinationParticularMethods.swift,12,0,36
Swift,/Users/quangdang/Documents/HiSol/TWS/ToyotaConnectSA/ToyotaConnectSA/Resources/LConnectZA/Code/DestinationParticularMethods.swift,12,0,36
Swift,/Users/quangdang/Documents/HiSol/TWS/ToyotaConnectSA/ToyotaConnectSA/Resources/TConnectASEAN/Code/DestinationParticularMethods.swift,12,0,36
Swift,/Users/quangdang/Documents/HiSol/TWS/ToyotaConnectSA/ToyotaConnectSA/Resources/TConnectKO/Code/DestinationParticularMethods.swift,12,0,36
Swift,/Users/quangdang/Documents/HiSol/TWS/ToyotaConnectSA/ToyotaConnectSA/Resources/TConnectZA/Code/DestinationParticularMethods.swift,12,0,36
Swift,/Users/quangdang/Documents/HiSol/TWS/ToyotaConnectSA/ToyotaConnectSA/Model/Entity/WarningHistoryDataEntity.swift,2,0,35
Swift,/Users/quangdang/Documents/HiSol/TWS/ToyotaConnectSA/ToyotaConnectSA/Extension/UIApplication.swift,4,2,34
Swift,/Users/quangdang/Documents/HiSol/TWS/ToyotaConnectSA/ToyotaConnectSA/Model/AirPressureState.swift,6,6,34
Swift,/Users/quangdang/Documents/HiSol/TWS/ToyotaConnectSA/ToyotaConnectSA/Model/Entity/WarningDataEntity.swift,2,0,33
Swift,/Users/quangdang/Documents/HiSol/TWS/ToyotaConnectSA/ToyotaConnectSA/ViewController.swift,7,1,33
Swift,/Users/quangdang/Documents/HiSol/TWS/ToyotaConnectSA/ToyotaConnectSA/Model/Entity/GetTripEntity.swift,7,1,30
Swift,/Users/quangdang/Documents/HiSol/TWS/ToyotaConnectSA/ToyotaConnectSA/Model/Entity/GetWarningsEntity.swift,7,1,30
Swift,/Users/quangdang/Documents/HiSol/TWS/ToyotaConnectSA/ToyotaConnectSA/Screen/Charge/ChargeTimerDetail/ChargeTimerDetailViewCell.swift,8,10,30
Swift,/Users/quangdang/Documents/HiSol/TWS/ToyotaConnectSA/ToyotaConnectSA/Screen/ScrolledMenu/PushConnector/ScrolledMenuNotificationDetailConnector.swift,6,23,30
Swift,/Users/quangdang/Documents/HiSol/TWS/ToyotaConnectSA/ToyotaConnectSA/Screen/ShowTermsAndConditions/ShowTermsAndConditionsViewController.swift,8,6,30
Swift,/Users/quangdang/Documents/HiSol/TWS/ToyotaConnectSA/ToyotaConnectSA/Screen/RemoteClimate/RemoteClimateTimerDetail/RemoteClimateTimerDetailViewCell.swift,7,0,29
Swift,/Users/quangdang/Documents/HiSol/TWS/ToyotaConnectSA/ToyotaConnectSA/Utility/MemberAuthenticationDialogUtility.swift,7,14,29
Swift,/Users/quangdang/Documents/HiSol/TWS/ToyotaConnectSA/ToyotaConnectSA/Screen/ChargingHistory/ChargingHistoryDateChanger.swift,9,21,28
Swift,/Users/quangdang/Documents/HiSol/TWS/ToyotaConnectSA/ToyotaConnectSA/Screen/StatisticalDrivingData/StatisticalDrivingDataChartMarker.swift,5,6,28
Swift,/Users/quangdang/Documents/HiSol/TWS/ToyotaConnectSA/ToyotaConnectSA/UIParts/UICheckBox.swift,8,3,28
Swift,/Users/quangdang/Documents/HiSol/TWS/ToyotaConnectSA/ToyotaConnectSA/Model/Entity/GetApplicationInformation/RemoteConfilmInfo/APPInfoRemoteConfirmInfoEntity.swift,6,2,27
Swift,/Users/quangdang/Documents/HiSol/TWS/ToyotaConnectSA/ToyotaConnectSA/Screen/ScrolledMenu/PushConnector/ScrolledMenuGuestDriverMonitorDetailConnector.swift,6,19,27
Swift,/Users/quangdang/Documents/HiSol/TWS/ToyotaConnectSA/ToyotaConnectSA/UIParts/Cell/SettingTableViewCell.swift,7,0,27
Swift,/Users/quangdang/Documents/HiSol/TWS/ToyotaConnectSA/ToyotaConnectSA/HTTP/API/selectableCountries/GetSelectableCountriesManager.swift,8,12,26
Swift,/Users/quangdang/Documents/HiSol/TWS/ToyotaConnectSA/ToyotaConnectSA/Screen/ScrolledMenu/PushConnector/ScrolledMenuRemoteClimateTimerConnector.swift,6,18,26
Swift,/Users/quangdang/Documents/HiSol/TWS/ToyotaConnectSA/ToyotaConnectSA/Screen/Setting/SettingSwitchTableViewCell.swift,4,1,26
Swift,/Users/quangdang/Documents/HiSol/TWS/ToyotaConnectSA/ToyotaConnectSA/Model/OpenCloseState.swift,2,0,25
Swift,/Users/quangdang/Documents/HiSol/TWS/ToyotaConnectSA/ToyotaConnectSA/Utility/UIAsyncAnimatedImageView.swift,5,2,25
Swift,/Users/quangdang/Documents/HiSol/TWS/ToyotaConnectSA/ToyotaConnectSA/Common/CommonConstants.swift,10,8,23
Swift,/Users/quangdang/Documents/HiSol/TWS/ToyotaConnectSA/ToyotaConnectSA/Extension/UINavigationController.swift,2,10,23
Swift,/Users/quangdang/Documents/HiSol/TWS/ToyotaConnectSA/ToyotaConnectSA/Model/Entity/GuestDriverMonitorLatestStatusEntity.swift,5,1,23
Swift,/Users/quangdang/Documents/HiSol/TWS/ToyotaConnectSA/ToyotaConnectSA/Model/Entity/UpdateReadStatusEntity.swift,6,0,23
Swift,/Users/quangdang/Documents/HiSol/TWS/ToyotaConnectSA/ToyotaConnectSA/Screen/AuthoritySetting/UserSettingTableViewCell.swift,8,1,23
Swift,/Users/quangdang/Documents/HiSol/TWS/ToyotaConnectSA/ToyotaConnectSA/Screen/Setting/SettingTimeZoneTableViewCell.swift,7,1,23
Swift,/Users/quangdang/Documents/HiSol/TWS/ToyotaConnectSA/ToyotaConnectSA/Extension/UIColor.swift,5,1,22
Swift,/Users/quangdang/Documents/HiSol/TWS/ToyotaConnectSA/ToyotaConnectSA/Model/Entity/GetApplicationInformation/SharerAuthority/APPInfoAuthorityEntity.swift,2,1,22
Swift,/Users/quangdang/Documents/HiSol/TWS/ToyotaConnectSA/ToyotaConnectSA/Model/Entity/GetSharerEntity.swift,6,1,22
Swift,/Users/quangdang/Documents/HiSol/TWS/ToyotaConnectSA/ToyotaConnectSA/Model/Entity/MemberAuthEntity/VehicleInfoEntity.swift,3,0,22
Swift,/Users/quangdang/Documents/HiSol/TWS/ToyotaConnectSA/ToyotaConnectSA/Authentication/ReauthenticationController.swift,9,6,21
Swift,/Users/quangdang/Documents/HiSol/TWS/ToyotaConnectSA/ToyotaConnectSA/Model/VehicleImageCacheInfo.swift,5,0,21
Swift,/Users/quangdang/Documents/HiSol/TWS/ToyotaConnectSA/ToyotaConnectSA/Screen/Links/LinksTableViewCell.swift,4,11,21
Swift,/Users/quangdang/Documents/HiSol/TWS/ToyotaConnectSA/ToyotaConnectSA/Utility/LanguageUtility.swift,3,6,21
Swift,/Users/quangdang/Documents/HiSol/TWS/ToyotaConnectSA/ToyotaConnectSA/Screen/ScrolledMenu/PushConnector/ScrolledMenuLocalOnsConnector.swift,6,16,20
Swift,/Users/quangdang/Documents/HiSol/TWS/ToyotaConnectSA/ToyotaConnectSA/Screen/ServiceManagement/ServiceCheckItem.swift,7,2,20
Swift,/Users/quangdang/Documents/HiSol/TWS/ToyotaConnectSA/ToyotaConnectSA/Extension/UIImage.swift,5,10,19
Swift,/Users/quangdang/Documents/HiSol/TWS/ToyotaConnectSA/ToyotaConnectSA/Model/OnOffState.swift,2,0,19
Swift,/Users/quangdang/Documents/HiSol/TWS/ToyotaConnectSA/ToyotaConnectSA/Model/Entity/GetApplicationInformation/EquipmentInfo/APPInfoEquipmentInfoEntity.swift,2,0,18
Swift,/Users/quangdang/Documents/HiSol/TWS/ToyotaConnectSA/ToyotaConnectSA/Screen/Authentication/TimeCounterView.swift,5,2,18
Swift,/Users/quangdang/Documents/HiSol/TWS/ToyotaConnectSA/ToyotaConnectSA/Screen/ChargingHistory/ChargingHistoryGraph/ChargingHistoryGraphMarker.swift,6,13,18
Swift,/Users/quangdang/Documents/HiSol/TWS/ToyotaConnectSA/ToyotaConnectSA/Model/Entity/ServiceDataEntity.swift,2,1,17
Swift,/Users/quangdang/Documents/HiSol/TWS/ToyotaConnectSA/ToyotaConnectSA/Model/Entity/ServiceListDataEntity.swift,4,1,17
Swift,/Users/quangdang/Documents/HiSol/TWS/ToyotaConnectSA/ToyotaConnectSA/Screen/RemoteCheck/RemoteCheckTableViewHeaderCell.swift,3,2,17
Swift,/Users/quangdang/Documents/HiSol/TWS/ToyotaConnectSA/ToyotaConnectSA/Screen/Setting/SettingPinTableViewCell.swift,4,1,17
Swift,/Users/quangdang/Documents/HiSol/TWS/ToyotaConnectSA/ToyotaConnectSA/Extension/NSError.swift,0,5,16
Swift,/Users/quangdang/Documents/HiSol/TWS/ToyotaConnectSA/ToyotaConnectSA/Extension/UIDevice.swift,3,2,16
Swift,/Users/quangdang/Documents/HiSol/TWS/ToyotaConnectSA/ToyotaConnectSA/Model/Entity/GetApplicationInformation/RmtSettableItem/APPInfoAcConditionInfoEntity.swift,3,5,16
Swift,/Users/quangdang/Documents/HiSol/TWS/ToyotaConnectSA/ToyotaConnectSA/Model/Entity/GetApplicationInformation/RmtSettableItem/APPInfoAcVentilationInfoEntity.swift,3,5,16
Swift,/Users/quangdang/Documents/HiSol/TWS/ToyotaConnectSA/ToyotaConnectSA/Model/LockUnlockState.swift,2,0,16
Swift,/Users/quangdang/Documents/HiSol/TWS/ToyotaConnectSA/ToyotaConnectSA/Screen/LicenseList/LicenseListCell.swift,3,11,16
Swift,/Users/quangdang/Documents/HiSol/TWS/ToyotaConnectSA/ToyotaConnectSA/Model/Entity/GetApplicationInformation/RemoteConfilmInfo/APPInfoAcModeEntity.swift,4,3,15
Swift,/Users/quangdang/Documents/HiSol/TWS/ToyotaConnectSA/ToyotaConnectSA/Model/EquipmentInfo.swift,1,1,15
Swift,/Users/quangdang/Documents/HiSol/TWS/ToyotaConnectSA/ToyotaConnectSA/Model/NotificationType.swift,0,1,15
Swift,/Users/quangdang/Documents/HiSol/TWS/ToyotaConnectSA/ToyotaConnectSA/Model/TimezoneType.swift,0,1,15
Swift,/Users/quangdang/Documents/HiSol/TWS/ToyotaConnectSA/ToyotaConnectSA/Screen/ShortcutMenu/ShortcutCell.swift,1,0,15
Swift,/Users/quangdang/Documents/HiSol/TWS/ToyotaConnectSA/ToyotaConnectSA/Screen/PushNotification/SettingHeaderCellTableViewCell.swift,3,1,14
Swift,/Users/quangdang/Documents/HiSol/TWS/ToyotaConnectSA/ToyotaConnectSA/Screen/PushNotification/SettingTimeZoneHeaderCellTableViewCell.swift,3,1,14
Swift,/Users/quangdang/Documents/HiSol/TWS/ToyotaConnectSA/ToyotaConnectSA/Extension/UITableViewCell.swift,2,0,13
Swift,/Users/quangdang/Documents/HiSol/TWS/ToyotaConnectSA/ToyotaConnectSA/Model/Entity/MemberAuthEntity/UserInfoEntity.swift,3,0,13
Swift,/Users/quangdang/Documents/HiSol/TWS/ToyotaConnectSA/ToyotaConnectSA/Model/VehicleWireframeImageCacheInfo.swift,4,0,13
Swift,/Users/quangdang/Documents/HiSol/TWS/ToyotaConnectSA/ToyotaConnectSA/Screen/SelectCountry/SelectCountryTableCell.swift,3,0,13
Swift,/Users/quangdang/Documents/HiSol/TWS/ToyotaConnectSA/ToyotaConnectSA/Screen/TermsAndConditionsCheck/TermMenuItemCell.swift,2,3,13
Swift,/Users/quangdang/Documents/HiSol/TWS/ToyotaConnectSA/ToyotaConnectSA/Extension/Double.swift,1,0,12
Swift,/Users/quangdang/Documents/HiSol/TWS/ToyotaConnectSA/ToyotaConnectSA/Extension/Int.swift,1,1,12
Swift,/Users/quangdang/Documents/HiSol/TWS/ToyotaConnectSA/ToyotaConnectSA/HTTP/Gbmo/GbmoInterface.swift,6,3,12
Swift,/Users/quangdang/Documents/HiSol/TWS/ToyotaConnectSA/ToyotaConnectSA/Model/Entity/GetApplicationInformation/RemoteConfilmInfo/APPInfoOperationDataWithUpdatedByEntity.swift,3,3,12
Swift,/Users/quangdang/Documents/HiSol/TWS/ToyotaConnectSA/ToyotaConnectSA/Model/Entity/GetApplicationInformation/RemoteConfilmInfo/APPInfoRemoteDataEntity.swift,3,3,12
Swift,/Users/quangdang/Documents/HiSol/TWS/ToyotaConnectSA/ToyotaConnectSA/Model/PowerTrainSystemType.swift,1,11,12
Swift,/Users/quangdang/Documents/HiSol/TWS/ToyotaConnectSA/ToyotaConnectSA/Screen/AuthoritySetting/UserHeaderTableViewCell.swift,4,1,12
Swift,/Users/quangdang/Documents/HiSol/TWS/ToyotaConnectSA/ToyotaConnectSA/Screen/RemoteClimate/RemoteClimateTimerRepeat/RemoteClimateTimerRepeatViewCell.swift,3,0,12
Swift,/Users/quangdang/Documents/HiSol/TWS/ToyotaConnectSA/ToyotaConnectSA/Screen/TripHistory/DrivingHistoryDateCellTableViewCell.swift,4,1,12
Swift,/Users/quangdang/Documents/HiSol/TWS/ToyotaConnectSA/ToyotaConnectSA/Screen/TripHistory/DrivingHistoryHeaderCell.swift,4,1,12
Swift,/Users/quangdang/Documents/HiSol/TWS/ToyotaConnectSA/ToyotaConnectSA/Screen/WarningHistory/WarningHistoryTableViewCell.swift,2,0,12
Swift,/Users/quangdang/Documents/HiSol/TWS/ToyotaConnectSA/ToyotaConnectSA/Screen/WarningNotice/WarningNoticeTableViewCell.swift,2,0,12
Swift,/Users/quangdang/Documents/HiSol/TWS/ToyotaConnectSA/ToyotaConnectSA/Model/Entity/TermsDataEntity.swift,4,0,11
Swift,/Users/quangdang/Documents/HiSol/TWS/ToyotaConnectSA/ToyotaConnectSA/Screen/ScrolledMenu/CarCell.swift,5,7,11
Swift,/Users/quangdang/Documents/HiSol/TWS/ToyotaConnectSA/ToyotaConnectSA/Screen/SelectVehicle/SelectVehicleInfoViewCell.swift,3,1,11
Swift,/Users/quangdang/Documents/HiSol/TWS/ToyotaConnectSA/ToyotaConnectSA/Extension/Calendar.swift,2,0,10
Swift,/Users/quangdang/Documents/HiSol/TWS/ToyotaConnectSA/ToyotaConnectSA/Model/Entity/AddAcReservationEntity.swift,4,1,10
Swift,/Users/quangdang/Documents/HiSol/TWS/ToyotaConnectSA/ToyotaConnectSA/Model/Entity/GetApplicationInformation/DefaultGeoLocationEntity/APPInfoDefaultGeoLocationEntity.swift,2,0,10
Swift,/Users/quangdang/Documents/HiSol/TWS/ToyotaConnectSA/ToyotaConnectSA/Model/Entity/GetApplicationInformation/RemoteConfilmInfo/APPInfoMetFgiEntity.swift,3,2,10
Swift,/Users/quangdang/Documents/HiSol/TWS/ToyotaConnectSA/ToyotaConnectSA/Model/Entity/GetApplicationInformation/RemoteConfilmInfo/APPInfoOperationDataEntity.swift,3,2,10
Swift,/Users/quangdang/Documents/HiSol/TWS/ToyotaConnectSA/ToyotaConnectSA/Model/Entity/GetApplicationInformation/RemoteConfilmInfo/APPInfoTyrePressureEntity.swift,3,2,10
Swift,/Users/quangdang/Documents/HiSol/TWS/ToyotaConnectSA/ToyotaConnectSA/Model/Entity/StopStolenVehicleTrackingEntity.swift,4,1,10
Swift,/Users/quangdang/Documents/HiSol/TWS/ToyotaConnectSA/ToyotaConnectSA/Model/Entity/VehicleAuthEntity.swift,2,0,9
Swift,/Users/quangdang/Documents/HiSol/TWS/ToyotaConnectSA/ToyotaConnectSA/Model/LinkInfo.swift,1,1,9
Swift,/Users/quangdang/Documents/HiSol/TWS/ToyotaConnectSA/ToyotaConnectSA/Screen/Charge/ChargeTimerRepeat/ChargeTimerRepeatViewCell.swift,5,4,9
Swift,/Users/quangdang/Documents/HiSol/TWS/ToyotaConnectSA/ToyotaConnectSA/Screen/ChargingHistory/ChargingHistoryTable/ChargingHistoryTableSectionHeader.swift,3,5,9
Swift,/Users/quangdang/Documents/HiSol/TWS/ToyotaConnectSA/ToyotaConnectSA/Model/Entity/LastestChargingInfoEntity.swift,3,1,8
Swift,/Users/quangdang/Documents/HiSol/TWS/ToyotaConnectSA/ToyotaConnectSA/Model/Entity/TermsAndConditionsEntity.swift,2,0,8
Swift,/Users/quangdang/Documents/HiSol/TWS/ToyotaConnectSA/ToyotaConnectSA/Screen/LicenseDetailInformation/AddUserTableViewCell.swift,2,0,8
Swift,/Users/quangdang/Documents/HiSol/TWS/ToyotaConnectSA/ToyotaConnectSA/Extension/UIStoryboard.swift,1,1,7
Swift,/Users/quangdang/Documents/HiSol/TWS/ToyotaConnectSA/ToyotaConnectSA/Model/AirConditionarType.swift,0,1,7
Swift,/Users/quangdang/Documents/HiSol/TWS/ToyotaConnectSA/ToyotaConnectSA/Model/Entity/RemoteControlAuthenticationCodeEntity.swift,3,1,7
Swift,/Users/quangdang/Documents/HiSol/TWS/ToyotaConnectSA/ToyotaConnectSA/Model/Entity/UpdateVehicleInfoEntity.swift,2,0,7
Swift,/Users/quangdang/Documents/HiSol/TWS/ToyotaConnectSA/ToyotaConnectSA/Model/WireframeType.swift,1,0,7
Swift,/Users/quangdang/Documents/HiSol/TWS/ToyotaConnectSA/ToyotaConnectSA/Screen/_Base/BaseSemiModalViewController.swift,2,3,7
Swift,/Users/quangdang/Documents/HiSol/TWS/ToyotaConnectSA/ToyotaConnectSA/Utility/GlobalStaticFunctions.swift,3,3,7
Swift,/Users/quangdang/Documents/HiSol/TWS/ToyotaConnectSA/ToyotaConnectSA/Extension/String.swift,1,1,6
Swift,/Users/quangdang/Documents/HiSol/TWS/ToyotaConnectSA/ToyotaConnectSA/Model/ImOkStatus.swift,1,4,6
Swift,/Users/quangdang/Documents/HiSol/TWS/ToyotaConnectSA/ToyotaConnectSA/Model/NoProblemStatus.swift,1,4,6
Swift,/Users/quangdang/Documents/HiSol/TWS/ToyotaConnectSA/ToyotaConnectSA/Model/NotificationMessageFormat.swift,1,4,6
Swift,/Users/quangdang/Documents/HiSol/TWS/ToyotaConnectSA/ToyotaConnectSA/Model/RequestHelpStatus.swift,1,4,6
Swift,/Users/quangdang/Documents/HiSol/TWS/ToyotaConnectSA/ToyotaConnectSA/Screen/Charge/ChargeTimerEdit/ChargeTimerEditViewRepeatCell.swift,2,2,6
Swift,/Users/quangdang/Documents/HiSol/TWS/ToyotaConnectSA/ToyotaConnectSA/Screen/Information/MenuItemCell.swift,1,0,6
Swift,/Users/quangdang/Documents/HiSol/TWS/ToyotaConnectSA/ToyotaConnectSA/Extension/Comparable.swift,0,5,5
Swift,/Users/quangdang/Documents/HiSol/TWS/ToyotaConnectSA/ToyotaConnectSA/Screen/ChargingHistory/ChargingHistoryTable/ChargingHistoryTableRowCell.swift,2,3,5
Swift,/Users/quangdang/Documents/HiSol/TWS/ToyotaConnectSA/ToyotaConnectSA/Screen/ServiceSettingComplete/ServiceSettingCompleteListItemCell.swift,2,1,4
Swift,/Users/quangdang/Documents/HiSol/TWS/ToyotaConnectSA/ToyotaConnectSA/Utility/TabChangeInterrupter.swift,1,3,4
Swift,/Users/quangdang/Documents/HiSol/TWS/ToyotaConnectSA/ToyotaConnectSA/HTTP/LocalToLauncherResponseDelegate.swift,0,7,3
Swift,/Users/quangdang/Documents/HiSol/TWS/ToyotaConnectSA/ToyotaConnectSA/Screen/RemotePowerSupply/RemotePowerSupplyDetail/RemotePowerSupplyDetailViewController.swift,2,1,3
Swift,/Users/quangdang/Documents/HiSol/TWS/ToyotaConnectSA/ToyotaConnectSA/Screen/RemotePowerSupply/RemotePowerSupplySetting/RemotePowerSupplySettingViewController.swift,2,1,3
SUM,,6424,8226,39884
files,language,blank,comment,code,"github.com/AlDanial/cloc v 2.06  T=0.43 s (766.2 files/s 125847.7 lines/s)"
332,Swift,6424,8226,39884
SUM,,6424,8226,39884
